"Country or Territory","Station Name","WMO Station Number","National Station Id Number","Period","Element-Statistic Qualifier Code","Statistic Description","Unit","Jan","Jan Footnotes","Feb","Feb Footnotes","Mar","Mar Footnotes","Apr","Apr Footnotes","May","May Footnotes","Jun","Jun Footnotes","Jul","Jul Footnotes","Aug","Aug Footnotes","Sep","Sep Footnotes","Oct","Oct Footnotes","Nov","Nov Footnotes","Dec","Dec Footnotes","Annual","Annual Footnotes","Annual NCDC Computed Value","Annual NCDC Computed Value Footnotes"
"UNITED STATES OF AMERICA","BARROW/W. POST W. ROGERS, AK","70026","00500546","1961-1990","","Date (Year/Day) of Occurrence of Maximum Daily Value","cm","196218","","196207","","196325","","196304","","196910","","198107","","196304","","198425","","198713","","197212","","196514","","196730","","-9999","","-9999",""
"UNITED STATES OF AMERICA","KOTZEBUE/RALPH WIEN, AK","70133","00505076","1961-1990","","Date (Year/Day) of Occurrence of Maximum Daily Value","cm","197302","","196501","","196228","","197209","","198406","","196307","","197603","","196231","","196528","","197316","","198201","","196527","","-9999","","-9999",""
"UNITED STATES OF AMERICA","BETTLES/FIELD AK","70174","00500761","1961-1990","","Date (Year/Day) of Occurrence of Maximum Daily Value","cm","196522","","198908","","199003","","197514","","196413","","197407","","199031","","196909","","196828","","197626","","197017","","197720","","-9999","","-9999",""
"UNITED STATES OF AMERICA","NOME, AK","70200","00506496","1961-1990","","Date (Year/Day) of Occurrence of Maximum Daily Value","cm","197301","","197503","","197712","","196121","","198102","","198202","","199031","","196511","","198126","","197324","","198029","","196222","","-9999","","-9999",""
"UNITED STATES OF AMERICA","BETHEL/BETHEL AIRPORT, AK","70219","00500754","1961-1990","","Date (Year/Day) of Occurrence of Maximum Daily Value","cm","198703","","197301","","197402","","198318","","197322","","196303","","199031","","199031","","199024","","196217","","199024","","196929","","-9999","","-9999",""
"UNITED STATES OF AMERICA","MC GRATH/ARPT AK","70231","00505769","1961-1990","","Date (Year/Day) of Occurrence of Maximum Daily Value","cm","198906","","197604","","198217","","196424","","197107","","197201","","199031","","199031","","196530","","197108","","198509","","199019","","-9999","","-9999",""
"UNITED STATES OF AMERICA","TALKEETNA, AK","70251","00508976","1961-1990","","Date (Year/Day) of Occurrence of Maximum Daily Value","cm","199016","","196220","","199001","","196417","","198610","","199030","","199031","","199031","","197228","","197625","","196718","","198429","","-9999","","-9999",""
"UNITED STATES OF AMERICA","FAIRBANKS/INTL, AK","70261","00502968","1961-1990","","Date (Year/Day) of Occurrence of Maximum Daily Value","cm","196826","","196611","","196325","","198220","","196413","","199030","","199031","","196907","","197229","","197417","","197020","","196527","","-9999","","-9999",""
"UNITED STATES OF AMERICA","BIG DELTA/ALLEN AAF AK","70267","00500770","1961-1990","","Date (Year/Day) of Occurrence of Maximum Daily Value","cm","196721","","196723","","196713","","198230","","198909","","197404","","199031","","198427","","198124","","198118","","199019","","196527","","-9999","","-9999",""
"UNITED STATES OF AMERICA","GULKANA/INTERMEDIATE FIELD AK","70271","00503465","1961-1990","","Date (Year/Day) of Occurrence of Maximum Daily Value","cm","198925","","197805","","197212","","197701","","197707","","198601","","199031","","197422","","197020","","197822","","198421","","198103","","-9999","","-9999",""
"UNITED STATES OF AMERICA","ANCHORAGE/INTL, AK","70273","00500280","1961-1990","","Date (Year/Day) of Occurrence of Maximum Daily Value","cm","198705","","198001","","197618","","197701","","196309","","199030","","199031","","199031","","196529","","198207","","196419","","198429","","-9999","","-9999",""
"UNITED STATES OF AMERICA","VALDEZ, AK","70275","00509686","1975-1989","","Date (Year/Day) of Occurrence of Maximum Daily Value","cm","198925","","198526","","198221","","197703","","198508","","198930","","198931","","198931","","198129","","198228","","198127","","198723","","-9999","","-9999",""
"UNITED STATES OF AMERICA","ST PAUL ISLAND/ARPT AK","70308","00508118","1961-1990","","Date (Year/Day) of Occurrence of Maximum Daily Value","cm","196430","","196404","","197310","","196602","","196224","","196505","","199031","","199031","","196530","","197814","","196416","","196210","","-9999","","-9999",""
"UNITED STATES OF AMERICA","COLD BAY, AK","70316","00502102","1961-1990","","Date (Year/Day) of Occurrence of Maximum Daily Value","cm","198212","","198428","","198723","","197304","","198602","","197101","","199031","","199031","","197230","","196822","","198314","","197521","","-9999","","-9999",""
"UNITED STATES OF AMERICA","KING SALMON, AK","70326","00504766","1961-1990","","Date (Year/Day) of Occurrence of Maximum Daily Value","cm","198708","","196924","","198106","","197111","","198512","","197202","","199031","","199031","","198129","","198321","","197916","","198927","","-9999","","-9999",""
"UNITED STATES OF AMERICA","HOMER/ARPT AK","70341","00503665","1961-1990","","Date (Year/Day) of Occurrence of Maximum Daily Value","cm","198121","","196314","","197627","","197219","","197106","","199030","","199031","","199031","","196830","","197630","","197318","","197928","","-9999","","-9999",""
"UNITED STATES OF AMERICA","KODIAK/U S C G BASE AK","70350","00504988","1961-1990","","Date (Year/Day) of Occurrence of Maximum Daily Value","cm","197609","","197312","","196603","","198507","","196801","","196519","","199031","","199031","","197728","","197030","","196501","","197518","","-9999","","-9999",""
"UNITED STATES OF AMERICA","YAKUTAT/STATE ARPT AK","70361","00509941","1961-1990","","Date (Year/Day) of Occurrence of Maximum Daily Value","cm","197103","","196701","","196909","","198607","","196506","","199030","","199031","","199031","","198325","","197529","","196124","","196531","","-9999","","-9999",""
"UNITED STATES OF AMERICA","JUNEAU, AK","70381","00504100","1961-1990","","Date (Year/Day) of Occurrence of Maximum Daily Value","cm","196615","","197403","","196609","","196302","","196412","","199030","","199031","","199031","","197430","","197125","","196324","","196208","","-9999","","-9999",""
"UNITED STATES OF AMERICA","ANNETTE/WSO AIRPORT AK","70398","00500352","1961-1990","","Date (Year/Day) of Occurrence of Maximum Daily Value","cm","197203","","197514","","197118","","197101","","196412","","199030","","199031","","199031","","199030","","198527","","197811","","196431","","-9999","","-9999",""
"UNITED STATES OF AMERICA","FLAGSTAFF/PULLIAM AP, AZ","72000","00023010","1961-1990","","Date (Year/Day) of Occurrence of Maximum Daily Value","cm","198221","","198724","","197001","","198821","","196524","","199030","","199031","","199031","","196519","","197430","","198512","","196713","","-9999","","-9999",""
"UNITED STATES OF AMERICA","LITTLE ROCK/ADAMS FIELD AR","72000","00034248","1961-1990","","Date (Year/Day) of Occurrence of Maximum Daily Value","cm","198806","","196623","","197102","","198319","","199031","","199030","","199031","","199031","","199030","","199031","","197123","","196322","","-9999","","-9999",""
"UNITED STATES OF AMERICA","LOS ANGELES/WBO CA","72000","00045115","1961-1985","","Date (Year/Day) of Occurrence of Maximum Daily Value","cm","198431","","198428","","198431","","198430","","198331","","198330","","198331","","198331","","198330","","198331","","198330","","198331","","-9999","","-9999",""
"UNITED STATES OF AMERICA","SAN FRANCISCO/MISSION DOLORES,CA","72000","00047772","1961-1988","","Date (Year/Day) of Occurrence of Maximum Daily Value","cm","196221","","197328","","197331","","197330","","197231","","197330","","197231","","197331","","197230","","197231","","197230","","197231","","-9999","","-9999",""
"UNITED STATES OF AMERICA","WILMINGTON/GREATER WILMINGTON, DE","72000","00079595","1961-1990","","Date (Year/Day) of Occurrence of Maximum Daily Value","cm","198722","","197919","","197609","","198705","","196301","","199030","","199031","","199031","","199030","","197910","","196730","","196624","","-9999","","-9999",""
"UNITED STATES OF AMERICA","DAYTONA BEACH WSO, FL","72000","00082158","1961-1990","","Date (Year/Day) of Occurrence of Maximum Daily Value","cm","197719","","199028","","199031","","199030","","199031","","199030","","199031","","199031","","199030","","199031","","199030","","198923","","-9999","","-9999",""
"UNITED STATES OF AMERICA","FORT MYERS WSO AP, FL","72000","00083186","1962-1990","","Date (Year/Day) of Occurrence of Maximum Daily Value","cm","199031","","199028","","199031","","199030","","199031","","199030","","199031","","199031","","199030","","199031","","199030","","199031","","-9999","","-9999",""
"UNITED STATES OF AMERICA","GAINESVILLE/MUNI ARPT FL","72000","00083326","1962-1990","","Date (Year/Day) of Occurrence of Maximum Daily Value","cm","199031","","198806","","199031","","199030","","199031","","199030","","199031","","199031","","199030","","199031","","199030","","198923","","-9999","","-9999",""
"UNITED STATES OF AMERICA","VERO BEACH/MUNICIPAL AIRPORT FL","72000","00089214","1962-1990","","Date (Year/Day) of Occurrence of Maximum Daily Value","cm","199031","","199028","","199031","","199030","","199031","","199030","","199031","","199031","","199030","","199031","","199030","","199031","","-9999","","-9999",""
"UNITED STATES OF AMERICA","COLUMBUS, GA","72000","00092166","1961-1990","","Date (Year/Day) of Occurrence of Maximum Daily Value","cm","197731","","197309","","198002","","197107","","199031","","199030","","199031","","199031","","199030","","199031","","197523","","198923","","-9999","","-9999",""
"UNITED STATES OF AMERICA","SAN CLEMENTE/ISLAND NAAS CA","72000","00093117","1963-1989","","Date (Year/Day) of Occurrence of Maximum Daily Value","cm","198931","","198928","","198931","","198830","","198831","","198830","","198831","","198831","","198830","","198831","","198830","","198830","","-9999","","-9999",""
"UNITED STATES OF AMERICA","TWENTYNINE PALMS/NAAS CA","72000","00093121","1961-1989","","Date (Year/Day) of Occurrence of Maximum Daily Value","cm","198931","","198928","","198931","","198930","","198931","","198930","","198931","","198931","","198830","","198831","","198830","","196820","","-9999","","-9999",""
"UNITED STATES OF AMERICA","JACKSON/WSO KY","72000","00154202","1981-1990","","Date (Year/Day) of Occurrence of Maximum Daily Value","cm","198725","","198512","","198207","","198703","","198907","","199030","","199031","","199031","","199030","","198920","","198916","","198117","","-9999","","-9999",""
"UNITED STATES OF AMERICA","BATON ROUGE/WSO AP LA","72000","00160549","1961-1990","","Date (Year/Day) of Occurrence of Maximum Daily Value","cm","197311","","198805","","198905","","199030","","199031","","199030","","199031","","199031","","199030","","199031","","197628","","198922","","-9999","","-9999",""
"UNITED STATES OF AMERICA","WORCESTER/WSO AP MA","72000","00199923","1961-1990","","Date (Year/Day) of Occurrence of Maximum Daily Value","cm","196120","","196214","","198429","","198728","","197709","","199030","","199031","","199031","","199030","","197910","","197125","","196124","","-9999","","-9999",""
"UNITED STATES OF AMERICA","GULFPORT/MUNICIPAL ARPT MS","72000","00223671","1961-1990","","Date (Year/Day) of Occurrence of Maximum Daily Value","cm","197312","","196823","","199031","","199030","","199031","","199030","","199031","","199031","","199030","","199031","","199030","","196331","","-9999","","-9999",""
"UNITED STATES OF AMERICA","ELKO/MUNICIPAL ARPT NV","72000","00262573","1961-1990","","Date (Year/Day) of Occurrence of Maximum Daily Value","cm","196827","","197921","","196712","","197505","","197121","","198113","","199031","","199031","","198230","","196312","","198230","","196606","","-9999","","-9999",""
"UNITED STATES OF AMERICA","NEW YORK CENTRAL PARK, NY","72000","00305801","1962-1990","","Date (Year/Day) of Occurrence of Maximum Daily Value","cm","196413","","197806","","196722","","198206","","197709","","199030","","199031","","199031","","199030","","197910","","198923","","196624","","-9999","","-9999",""
"UNITED STATES OF AMERICA","WILMINGTON WSO AP, NC","72000","00319457","1961-1990","","Date (Year/Day) of Occurrence of Maximum Daily Value","cm","198815","","197309","","198002","","198911","","199031","","199030","","199031","","199031","","199030","","199031","","197614","","198923","","-9999","","-9999",""
"UNITED STATES OF AMERICA","MANSFIELD WSO AP, OH","72000","00334865","1961-1990","","Date (Year/Day) of Occurrence of Maximum Daily Value","cm","196813","","198512","","196301","","198704","","196609","","199030","","199031","","199031","","199030","","198919","","198611","","197401","","-9999","","-9999",""
"UNITED STATES OF AMERICA","HARRISBURG/CAPITAL CI AP PA","72000","00363699","1961-1990","","Date (Year/Day) of Occurrence of Maximum Daily Value","cm","196413","","198311","","198906","","198206","","196301","","199030","","199031","","199031","","199030","","197219","","196730","","196323","","-9999","","-9999",""
"UNITED STATES OF AMERICA","BRISTOL/TRI CITY, TN","72000","00401094","1961-1990","","Date (Year/Day) of Occurrence of Maximum Daily Value","cm","196629","","197113","","196209","","198703","","198907","","199030","","199031","","199031","","199030","","198920","","196329","","196925","","-9999","","-9999",""
"UNITED STATES OF AMERICA","OAK RIDGE, TN","72000","00406750","1962-1990","","Date (Year/Day) of Occurrence of Maximum Daily Value","cm","198807","","197918","","197225","","198703","","199031","","199030","","199031","","199031","","199030","","198920","","196629","","196323","","-9999","","-9999",""
"UNITED STATES OF AMERICA","SEATTLE NMFC, WA","72000","00457458","1961-1990","","Date (Year/Day) of Occurrence of Maximum Daily Value","cm","197225","","196228","","198901","","197217","","199031","","199030","","199031","","199031","","199030","","198430","","198521","","196831","","-9999","","-9999",""
"UNITED STATES OF AMERICA","KEY WEST/INTL, FL","72201","00084570","1961-1990","","Date (Year/Day) of Occurrence of Maximum Daily Value","cm","199031","","199028","","199031","","199030","","199031","","199030","","199031","","199031","","199030","","199031","","199030","","199031","","-9999","","-9999",""
"UNITED STATES OF AMERICA","MIAMI, FL","72202","00085663","1961-1990","","Date (Year/Day) of Occurrence of Maximum Daily Value","cm","199031","","199028","","199031","","199030","","199031","","199030","","199031","","199031","","199030","","199031","","199030","","199031","","-9999","","-9999",""
"UNITED STATES OF AMERICA","WEST PALM BEACH/INTL, FL","72203","00089525","1961-1990","","Date (Year/Day) of Occurrence of Maximum Daily Value","cm","197719","","199028","","199031","","199030","","199031","","199030","","199031","","199031","","199030","","199031","","199030","","199031","","-9999","","-9999",""
"UNITED STATES OF AMERICA","ORLANDO/JETPORT, FL","72205","00086628","1961-1990","","Date (Year/Day) of Occurrence of Maximum Daily Value","cm","197719","","199028","","199031","","199030","","199031","","199030","","199031","","199031","","199030","","199031","","199030","","199031","","-9999","","-9999",""
"UNITED STATES OF AMERICA","JACKSONVILLE/WSO AP FL","72206","00084358","1961-1990","","Date (Year/Day) of Occurrence of Maximum Daily Value","cm","198520","","198923","","198601","","199030","","199031","","199030","","199031","","199031","","199030","","199031","","199030","","198923","","-9999","","-9999",""
"UNITED STATES OF AMERICA","SAVANNAH/MUNICIPAL, GA","72207","00097847","1961-1990","","Date (Year/Day) of Occurrence of Maximum Daily Value","cm","197731","","196808","","198601","","199030","","199031","","199030","","199031","","199031","","199030","","199031","","199030","","198923","","-9999","","-9999",""
"UNITED STATES OF AMERICA","CHARLESTON/MUNICIPAL, SC","72208","00381544","1961-1990","","Date (Year/Day) of Occurrence of Maximum Daily Value","cm","196627","","197310","","196904","","199030","","199031","","199030","","199031","","199031","","199030","","199031","","199030","","198923","","-9999","","-9999",""
"UNITED STATES OF AMERICA","TAMPA/INT'L ARPT FL","72211","00088788","1961-1990","","Date (Year/Day) of Occurrence of Maximum Daily Value","cm","197719","","199028","","198003","","199030","","199031","","199030","","199031","","199031","","199030","","199031","","199030","","198923","","-9999","","-9999",""
"UNITED STATES OF AMERICA","TALLAHASSEE/MUNICIPAL, FL","72214","00088758","1961-1990","","Date (Year/Day) of Occurrence of Maximum Daily Value","cm","198520","","197310","","198002","","199030","","199031","","199030","","199031","","199031","","199030","","199031","","199030","","198922","","-9999","","-9999",""
"UNITED STATES OF AMERICA","MACON/LEWIS B WILSON ARPT GA","72217","00095443","1961-1990","","Date (Year/Day) of Occurrence of Maximum Daily Value","cm","198807","","197309","","198002","","199030","","199031","","199030","","199031","","199031","","199030","","199031","","197023","","196331","","-9999","","-9999",""
"UNITED STATES OF AMERICA","AUGUSTA/BUSH FIELD, GA","72218","00090495","1961-1990","","Date (Year/Day) of Occurrence of Maximum Daily Value","cm","198807","","197309","","198002","","199030","","199031","","199030","","199031","","199031","","199030","","199031","","196811","","197103","","-9999","","-9999",""
"UNITED STATES OF AMERICA","ATLANTA/HARTSFIELD INTL AP GA","72219","00090451","1961-1990","","Date (Year/Day) of Occurrence of Maximum Daily Value","cm","198807","","197918","","198324","","198703","","199031","","199030","","199031","","199031","","199030","","199031","","196811","","196331","","-9999","","-9999",""
"UNITED STATES OF AMERICA","PENSACOLA FAA AP, FL","72222","00086997","1962-1990","","Date (Year/Day) of Occurrence of Maximum Daily Value","cm","197731","","197309","","198002","","199030","","199031","","199030","","199031","","199031","","199030","","199031","","199030","","198923","","-9999","","-9999",""
"UNITED STATES OF AMERICA","MOBILE/WSO AIRPORT AL","72223","00015478","1961-1990","","Date (Year/Day) of Occurrence of Maximum Daily Value","cm","197731","","197309","","198907","","198703","","199031","","199030","","199031","","199031","","199030","","199031","","196602","","196331","","-9999","","-9999",""
"UNITED STATES OF AMERICA","MONTGOMERY AL","72226","00015550","1961-1990","","Date (Year/Day) of Occurrence of Maximum Daily Value","cm","197718","","197309","","198310","","198703","","199031","","199030","","199031","","199031","","199030","","199031","","196811","","196331","","-9999","","-9999",""
"UNITED STATES OF AMERICA","BIRMINGHAM/MUNICIPAL ARPT AL","72228","00010831","1961-1990","","Date (Year/Day) of Occurrence of Maximum Daily Value","cm","198213","","196709","","198410","","198703","","199031","","199030","","199031","","199031","","199030","","199031","","198916","","196331","","-9999","","-9999",""
"UNITED STATES OF AMERICA","NEW ORLEANS, LA","72231","00166660","1961-1990","","Date (Year/Day) of Occurrence of Maximum Daily Value","cm","198520","","197309","","198907","","199030","","199031","","199030","","199031","","199031","","199030","","199031","","199030","","196331","","-9999","","-9999",""
"UNITED STATES OF AMERICA","MERIDIAN/KEY FEILD, MS","72234","00225776","1961-1990","","Date (Year/Day) of Occurrence of Maximum Daily Value","cm","196209","","196823","","196822","","198703","","199031","","199030","","199031","","199031","","199030","","199031","","197628","","196331","","-9999","","-9999",""
"UNITED STATES OF AMERICA","JACKSON/THOMPSON FIELD MS","72235","00224472","1963-1990","","Date (Year/Day) of Occurrence of Maximum Daily Value","cm","198213","","196823","","196822","","198703","","199031","","199030","","199031","","199031","","199030","","199031","","197628","","196331","","-9999","","-9999",""
"UNITED STATES OF AMERICA","LAKE CHARLES/WSO AP LA","72240","00165078","1961-1990","","Date (Year/Day) of Occurrence of Maximum Daily Value","cm","197311","","198807","","196822","","199030","","199031","","199030","","199031","","199031","","199030","","199031","","197629","","198922","","-9999","","-9999",""
"UNITED STATES OF AMERICA","PORT ARTHUR, TX","72241","00417174","1961-1990","","Date (Year/Day) of Occurrence of Maximum Daily Value","cm","197311","","198002","","196822","","199030","","199031","","199030","","199031","","199031","","199030","","199031","","197628","","198922","","-9999","","-9999",""
"UNITED STATES OF AMERICA","GALVESTON, TX","72242","00413430","1963-1990","","Date (Year/Day) of Occurrence of Maximum Daily Value","cm","197311","","197309","","198905","","199030","","199031","","199030","","199031","","199031","","199030","","199031","","199030","","198922","","-9999","","-9999",""
"UNITED STATES OF AMERICA","HOUSTON/INTERCONTINENTAL, TX","72243","00414300","1969-1990","","Date (Year/Day) of Occurrence of Maximum Daily Value","cm","197311","","198002","","199031","","199030","","199031","","199030","","199031","","199031","","199030","","199031","","197923","","198922","","-9999","","-9999",""
"UNITED STATES OF AMERICA","SHREVEPORT/WSO AP LA","72248","00168440","1961-1990","","Date (Year/Day) of Occurrence of Maximum Daily Value","cm","198213","","198501","","196503","","198702","","199031","","199030","","199031","","199031","","199030","","199031","","198026","","198316","","-9999","","-9999",""
"UNITED STATES OF AMERICA","BROWNSVILLE/INTL, TX","72250","00411136","1961-1990","","Date (Year/Day) of Occurrence of Maximum Daily Value","cm","198502","","197309","","199031","","199030","","199031","","199030","","199031","","199031","","199030","","199031","","197628","","196418","","-9999","","-9999",""
"UNITED STATES OF AMERICA","CORPUS CHRISTI/INTL, TX","72251","00412015","1961-1990","","Date (Year/Day) of Occurrence of Maximum Daily Value","cm","196709","","197308","","198905","","199030","","199031","","199030","","199031","","199031","","199030","","199031","","197923","","198912","","-9999","","-9999",""
"UNITED STATES OF AMERICA","SAN ANTONIO/INTL, TX","72253","00417945","1961-1990","","Date (Year/Day) of Occurrence of Maximum Daily Value","cm","198512","","196622","","198922","","199030","","199031","","199030","","199031","","199031","","199030","","199031","","198026","","196418","","-9999","","-9999",""
"UNITED STATES OF AMERICA","AUSTIN/MUNICIPAL AP TX","72254","00410428","1961-1990","","Date (Year/Day) of Occurrence of Maximum Daily Value","cm","198502","","196622","","196503","","199030","","199031","","199030","","199031","","199031","","199030","","199031","","198026","","199030","","-9999","","-9999",""
"UNITED STATES OF AMERICA","VICTORIA/REGIONAL AP TX","72255","00419364","1961-1990","","Date (Year/Day) of Occurrence of Maximum Daily Value","cm","198512","","197309","","198905","","199030","","199031","","199030","","199031","","199031","","199030","","199031","","197628","","199022","","-9999","","-9999",""
"UNITED STATES OF AMERICA","WACO/MADISON-COOPER ARPT TX","72256","00419419","1961-1990","","Date (Year/Day) of Occurrence of Maximum Daily Value","cm","198213","","196622","","198729","","199030","","199031","","199030","","199031","","199031","","199030","","199031","","197612","","196313","","-9999","","-9999",""
"UNITED STATES OF AMERICA","FORT WORTH/GREATER SW INT'L A,TX","72259","00412242","1961-1990","","Date (Year/Day) of Occurrence of Maximum Daily Value","cm","196415","","197817","","196214","","199030","","199031","","199030","","199031","","199031","","199030","","199031","","197613","","198316","","-9999","","-9999",""
"UNITED STATES OF AMERICA","DEL RIO/INT'L ARPT TX","72261","00412360","1963-1990","","Date (Year/Day) of Occurrence of Maximum Daily Value","cm","198512","","197308","","196503","","199030","","199031","","199030","","199031","","199031","","199030","","199031","","197628","","198922","","-9999","","-9999",""
"UNITED STATES OF AMERICA","SAN ANGELO/MATHIS, TX","72263","00417943","1961-1990","","Date (Year/Day) of Occurrence of Maximum Daily Value","cm","197821","","197308","","196214","","198013","","199031","","199030","","199031","","199031","","199030","","199031","","196808","","198610","","-9999","","-9999",""
"UNITED STATES OF AMERICA","MIDLAND/WSO AP TX","72265","00415890","1961-1990","","Date (Year/Day) of Occurrence of Maximum Daily Value","cm","197423","","196517","","197020","","198307","","199031","","199030","","199031","","199031","","199030","","198028","","198016","","198610","","-9999","","-9999",""
"UNITED STATES OF AMERICA","ABILENE/MUNICIPAL ARPT TX","72266","00410016","1961-1990","","Date (Year/Day) of Occurrence of Maximum Daily Value","cm","198321","","197905","","197020","","199030","","199031","","199030","","199031","","199031","","199030","","198028","","197613","","198316","","-9999","","-9999",""
"UNITED STATES OF AMERICA","LUBBOCK/REGIONAL ARPT TX","72267","00415411","1961-1990","","Date (Year/Day) of Occurrence of Maximum Daily Value","cm","198320","","196120","","196915","","198307","","199030","","199030","","199031","","199031","","199030","","197628","","198025","","197913","","-9999","","-9999",""
"UNITED STATES OF AMERICA","ROSWELL/INDUSTRIAL AIR PARK NM","72268","00297610","1973-1990","","Date (Year/Day) of Occurrence of Maximum Daily Value","cm","198022","","198805","","198405","","198306","","197802","","199030","","199031","","199031","","199030","","197628","","198016","","198713","","-9999","","-9999",""
"UNITED STATES OF AMERICA","EL PASO/INT'L ARPT TX","72270","00412797","1961-1990","","Date (Year/Day) of Occurrence of Maximum Daily Value","cm","197302","","198805","","198405","","198305","","199031","","199030","","199031","","199031","","199030","","198028","","196114","","198713","","-9999","","-9999",""
"UNITED STATES OF AMERICA","TUCSON/INT'L ARPT AZ","72274","00028820","1961-1990","","Date (Year/Day) of Occurrence of Maximum Daily Value","cm","198716","","196510","","196402","","197616","","199031","","199030","","199031","","199031","","199030","","199031","","196415","","197108","","-9999","","-9999",""
"UNITED STATES OF AMERICA","PHOENIX/SKY HARBOR INTL, AZ","72278","00026481","1961-1990","","Date (Year/Day) of Occurrence of Maximum Daily Value","cm","198715","","198502","","199031","","199030","","199031","","199030","","199031","","199031","","199030","","199031","","199030","","199022","","-9999","","-9999",""
"UNITED STATES OF AMERICA","YUMA/INT'L ARPT AZ","72280","00029660","1961-1990","","Date (Year/Day) of Occurrence of Maximum Daily Value","cm","199031","","199028","","199031","","199030","","199031","","199030","","199031","","199031","","199030","","199031","","199030","","196716","","-9999","","-9999",""
"UNITED STATES OF AMERICA","SAN DIEGO/LINDBERGH FIELD CA","72290","00047740","1961-1990","","Date (Year/Day) of Occurrence of Maximum Daily Value","cm","199031","","199028","","199031","","199030","","199031","","199030","","199031","","199031","","199030","","199031","","199030","","196713","","-9999","","-9999",""
"UNITED STATES OF AMERICA","SAN NICOLAS ISLAND, CA","72291","00047870","1962-1989","","Date (Year/Day) of Occurrence of Maximum Daily Value","cm","197928","","198628","","198631","","198630","","198631","","198630","","198631","","198631","","198630","","198531","","198530","","198531","","-9999","","-9999",""
"UNITED STATES OF AMERICA","LOS ANGELES/INTL, CA","72295","00045114","1961-1990","","Date (Year/Day) of Occurrence of Maximum Daily Value","cm","199031","","199028","","199031","","199030","","199031","","199030","","199031","","199031","","199030","","199031","","199030","","199031","","-9999","","-9999",""
"UNITED STATES OF AMERICA","LONG BEACH/WSCMO CA","72297","00045085","1961-1990","","Date (Year/Day) of Occurrence of Maximum Daily Value","cm","199031","","199028","","199031","","199030","","199031","","199030","","199031","","199031","","199030","","199031","","199030","","199031","","-9999","","-9999",""
"UNITED STATES OF AMERICA","CAPE HATTERAS, NC","72304","00311458","1961-1990","","Date (Year/Day) of Occurrence of Maximum Daily Value","cm","196212","","197822","","198002","","198911","","199031","","199030","","199031","","199031","","199030","","199031","","198711","","198923","","-9999","","-9999",""
"UNITED STATES OF AMERICA","RALEIGH/RALEIGH-DURHAM, NC","72306","00317069","1961-1990","","Date (Year/Day) of Occurrence of Maximum Daily Value","cm","196626","","197918","","196901","","198318","","199031","","199030","","199031","","199031","","199030","","199031","","197523","","197103","","-9999","","-9999",""
"UNITED STATES OF AMERICA","NORFOLK/INTL, VA","72308","00446139","1961-1990","","Date (Year/Day) of Occurrence of Maximum Daily Value","cm","197308","","198918","","198001","","196401","","199031","","199030","","199031","","199031","","199030","","199031","","198711","","196221","","-9999","","-9999",""
"UNITED STATES OF AMERICA","COLUMBIA/METRO ARPT SC","72310","00381939","1961-1990","","Date (Year/Day) of Occurrence of Maximum Daily Value","cm","198807","","197310","","198002","","199030","","199031","","199030","","199031","","199031","","199030","","199031","","197614","","197103","","-9999","","-9999",""
"UNITED STATES OF AMERICA","ATHENS, GA","72311","00090435","1961-1990","","Date (Year/Day) of Occurrence of Maximum Daily Value","cm","198722","","198923","","198324","","199030","","199031","","199030","","199031","","199031","","199030","","199031","","196811","","197103","","-9999","","-9999",""
"UNITED STATES OF AMERICA","GREENVILLE/G-SPARTANBURG, SC","72312","00383747","1962-1990","","Date (Year/Day) of Occurrence of Maximum Daily Value","cm","198807","","197918","","198324","","198703","","199031","","199030","","199031","","199031","","199030","","199031","","196811","","197103","","-9999","","-9999",""
"UNITED STATES OF AMERICA","CHARLOTTE/DOUGLAS INT'L ARPT NC","72314","00311690","1961-1990","","Date (Year/Day) of Occurrence of Maximum Daily Value","cm","198807","","197918","","198324","","198208","","199031","","199030","","199031","","199031","","199030","","199031","","196811","","197103","","-9999","","-9999",""
"UNITED STATES OF AMERICA","ASHEVILLE/REGIONAL, NC","72315","00310300","1964-1990","","Date (Year/Day) of Occurrence of Maximum Daily Value","cm","198807","","197918","","198122","","198703","","199031","","199030","","199031","","199031","","199030","","198920","","196811","","197103","","-9999","","-9999",""
"UNITED STATES OF AMERICA","GREENSBORO/G.-HIGH PT., NC","72317","00313630","1961-1990","","Date (Year/Day) of Occurrence of Maximum Daily Value","cm","198722","","197918","","196901","","198907","","199031","","199030","","199031","","199031","","199030","","199031","","196812","","197316","","-9999","","-9999",""
"UNITED STATES OF AMERICA","HUNTSVILLE/MADISON COUNTY JET,AL","72323","00014064","1961-1990","","Date (Year/Day) of Occurrence of Maximum Daily Value","cm","196629","","198511","","196822","","198703","","199031","","199030","","199031","","199031","","199030","","198919","","196602","","196331","","-9999","","-9999",""
"UNITED STATES OF AMERICA","CHATTANOOGA/LOVELL FIELD, TN","72324","00401656","1961-1990","","Date (Year/Day) of Occurrence of Maximum Daily Value","cm","198807","","197918","","197125","","198703","","199031","","199030","","199031","","199031","","199030","","199031","","198916","","196331","","-9999","","-9999",""
"UNITED STATES OF AMERICA","KNOXVILLE/MUNICIPAL, TN","72326","00404950","1961-1990","","Date (Year/Day) of Occurrence of Maximum Daily Value","cm","196629","","198512","","197225","","198703","","199031","","199030","","199031","","199031","","199030","","198920","","196329","","196925","","-9999","","-9999",""
"UNITED STATES OF AMERICA","NASHVILLE/METRO ARPT TN","72327","00406402","1961-1990","","Date (Year/Day) of Occurrence of Maximum Daily Value","cm","198807","","198501","","196822","","197106","","199031","","199030","","199031","","199031","","199030","","198919","","196602","","196322","","-9999","","-9999",""
"UNITED STATES OF AMERICA","MEMPHIS/WSCMO AP TN","72334","00405954","1961-1990","","Date (Year/Day) of Occurrence of Maximum Daily Value","cm","198503","","198501","","196821","","197106","","199031","","199030","","199031","","199031","","199030","","199031","","197614","","196322","","-9999","","-9999",""
"UNITED STATES OF AMERICA","NORTH LITTLE ROCK/ARPT AR","72340","00035320","1978-1990","","Date (Year/Day) of Occurrence of Maximum Daily Value","cm","198806","","197906","","198410","","198319","","199031","","199030","","199031","","199031","","199030","","199031","","198026","","199022","","-9999","","-9999",""
"UNITED STATES OF AMERICA","FORT SMITH/MUNICIPAL, AR","72344","00032574","1961-1990","","Date (Year/Day) of Occurrence of Maximum Daily Value","cm","198806","","197523","","196811","","197309","","199031","","199030","","199031","","199031","","199030","","199031","","197614","","197525","","-9999","","-9999",""
"UNITED STATES OF AMERICA","WICHITA FALLS, TX","72351","00419729","1961-1990","","Date (Year/Day) of Occurrence of Maximum Daily Value","cm","198531","","196106","","198905","","197308","","199031","","199030","","199031","","199031","","199030","","196730","","197613","","198315","","-9999","","-9999",""
"UNITED STATES OF AMERICA","OKLAHOMA CITY/WSFO AP OK","72353","00346661","1961-1990","","Date (Year/Day) of Occurrence of Maximum Daily Value","cm","198806","","198607","","196820","","198910","","199031","","199030","","199031","","199031","","199030","","199031","","197218","","198714","","-9999","","-9999",""
"UNITED STATES OF AMERICA","TULSA/WSO AP OK","72356","00348992","1961-1990","","Date (Year/Day) of Occurrence of Maximum Daily Value","cm","198806","","198504","","198905","","197309","","199031","","199030","","199031","","199031","","199030","","199031","","197218","","198714","","-9999","","-9999",""
"UNITED STATES OF AMERICA","CLAYTON/MUNICIPAL, NM","72360","00291887","1961-1990","","Date (Year/Day) of Occurrence of Maximum Daily Value","cm","199018","","199020","","197330","","198801","","197802","","199030","","199031","","199031","","198429","","198415","","196114","","197806","","-9999","","-9999",""
"UNITED STATES OF AMERICA","AMARILLO/INTL, TX","72363","00410211","1961-1990","","Date (Year/Day) of Occurrence of Maximum Daily Value","cm","199018","","197121","","196117","","198801","","197803","","199030","","199031","","199031","","198429","","197628","","196217","","198713","","-9999","","-9999",""
"UNITED STATES OF AMERICA","ALBUQUERQUE/INT'L ARPT NM","72365","00290234","1961-1990","","Date (Year/Day) of Occurrence of Maximum Daily Value","cm","197331","","198607","","197329","","197302","","197802","","199030","","199031","","199031","","197118","","198612","","198024","","198008","","-9999","","-9999",""
"UNITED STATES OF AMERICA","WINSLOW/MUNICIPAL ARPT AZ","72374","00029439","1961-1979","","Date (Year/Day) of Occurrence of Maximum Daily Value","cm","196618","","197724","","197031","","197702","","197805","","197930","","197931","","197931","","197930","","196130","","196608","","196713","","-9999","","-9999",""
"UNITED STATES OF AMERICA","BAKERSFIELD/MEADOWS FIELD CA","72384","00040442","1961-1990","","Date (Year/Day) of Occurrence of Maximum Daily Value","cm","198715","","199018","","197408","","199030","","199031","","199030","","199031","","199031","","199030","","199031","","199030","","199021","","-9999","","-9999",""
"UNITED STATES OF AMERICA","LAS VEGAS/MCCARRAN, NV","72386","00264436","1961-1990","","Date (Year/Day) of Occurrence of Maximum Daily Value","cm","197931","","199019","","197603","","199030","","199031","","199030","","199031","","199031","","199030","","199031","","196415","","196715","","-9999","","-9999",""
"UNITED STATES OF AMERICA","FRESNO/AIR TERMINAL CA","72389","00043257","1961-1990","","Date (Year/Day) of Occurrence of Maximum Daily Value","cm","196222","","199018","","199031","","199030","","199031","","199030","","199031","","199031","","199030","","199031","","199030","","196820","","-9999","","-9999",""
"UNITED STATES OF AMERICA","SANTA BARBARA, CA","72392","00047905","1961-1990","","Date (Year/Day) of Occurrence of Maximum Daily Value","cm","199031","","199028","","199031","","199030","","199031","","199030","","199031","","199031","","199030","","199031","","199030","","199031","","-9999","","-9999",""
"UNITED STATES OF AMERICA","SANTA MARIA/PUBLIC, CA","72394","00047946","1961-1990","","Date (Year/Day) of Occurrence of Maximum Daily Value","cm","196221","","199018","","199031","","199030","","199031","","199030","","199031","","199031","","199030","","199031","","197528","","199021","","-9999","","-9999",""
"UNITED STATES OF AMERICA","RICHMOND/BYRD, VA","72401","00447201","1961-1990","","Date (Year/Day) of Occurrence of Maximum Daily Value","cm","198005","","198311","","198001","","196401","","199031","","199030","","199031","","199031","","199030","","197910","","198711","","198212","","-9999","","-9999",""
"UNITED STATES OF AMERICA","WASHINGTON DC/DULLES INT'L AR,VA","72403","00448903","1962-1990","","Date (Year/Day) of Occurrence of Maximum Daily Value","cm","198722","","198311","","197609","","199006","","196301","","199030","","199031","","199031","","199030","","197910","","196730","","198212","","-9999","","-9999",""
"UNITED STATES OF AMERICA","WASHINGTON DC/NATIONAL ARPT VA","72405","00448906","1961-1990","","Date (Year/Day) of Occurrence of Maximum Daily Value","cm","196629","","198311","","196430","","197207","","199031","","199030","","199031","","199031","","199030","","197910","","198711","","196613","","-9999","","-9999",""
"UNITED STATES OF AMERICA","BALTIMORE/BALTO-WASH, MD","72406","00180465","1961-1990","","Date (Year/Day) of Occurrence of Maximum Daily Value","cm","198722","","198311","","196206","","198509","","196301","","199030","","199031","","199031","","199030","","197910","","196730","","196624","","-9999","","-9999",""
"UNITED STATES OF AMERICA","ATLANTIC CITY, NJ","72407","00280311","1961-1990","","Date (Year/Day) of Occurrence of Maximum Daily Value","cm","198726","","197919","","196902","","199007","","197709","","199030","","199031","","199031","","199030","","198013","","196730","","198212","","-9999","","-9999",""
"UNITED STATES OF AMERICA","PHILADELPHIA/INT'L ARPT PA","72408","00366889","1961-1990","","Date (Year/Day) of Occurrence of Maximum Daily Value","cm","197820","","198311","","198105","","198206","","196301","","199030","","199031","","199031","","199030","","197910","","196730","","196624","","-9999","","-9999",""
"UNITED STATES OF AMERICA","LYNCHBURG WSO AP, VA","72410","00445120","1961-1990","","Date (Year/Day) of Occurrence of Maximum Daily Value","cm","198722","","198227","","196901","","197107","","199031","","199030","","199031","","199031","","199030","","197910","","197124","","196925","","-9999","","-9999",""
"UNITED STATES OF AMERICA","ROANOKE/MUNICIPAL, VA","72411","00447285","1961-1990","","Date (Year/Day) of Occurrence of Maximum Daily Value","cm","196622","","198227","","196901","","197106","","198907","","199030","","199031","","199031","","199030","","197910","","197124","","196925","","-9999","","-9999",""
"UNITED STATES OF AMERICA","BECKLEY/RALEIGH CO MEM AP WV","72412","00460582","1963-1990","","Date (Year/Day) of Occurrence of Maximum Daily Value","cm","196622","","198311","","198001","","198703","","198907","","199030","","199031","","199031","","196729","","197910","","196812","","196728","","-9999","","-9999",""
"UNITED STATES OF AMERICA","CHARLESTON/KANAWHA ARPT WV","72414","00461570","1961-1990","","Date (Year/Day) of Occurrence of Maximum Daily Value","cm","196622","","198311","","198001","","198704","","198907","","199030","","199031","","199031","","199030","","196120","","196914","","196728","","-9999","","-9999",""
"UNITED STATES OF AMERICA","ELKINS/RANDOLPH CO ARPT WV","72417","00462718","1962-1990","","Date (Year/Day) of Occurrence of Maximum Daily Value","cm","198722","","198311","","197103","","198704","","196301","","199030","","199031","","199031","","199030","","197910","","197004","","196728","","-9999","","-9999",""
"UNITED STATES OF AMERICA","CINCINNATI/GREATER CINCINNATI,KY","72421","00151855","1961-1990","","Date (Year/Day) of Occurrence of Maximum Daily Value","cm","196401","","196601","","196822","","197706","","198906","","199030","","199031","","199031","","199030","","198919","","196602","","199027","","-9999","","-9999",""
"UNITED STATES OF AMERICA","LEXINGTON/BLUEGRASS FIELD KY","72422","00154746","1961-1990","","Date (Year/Day) of Occurrence of Maximum Daily Value","cm","196622","","197108","","196822","","198704","","198907","","199030","","199031","","199031","","199030","","197219","","196602","","196731","","-9999","","-9999",""
"UNITED STATES OF AMERICA","LOUISVILLE/STANDIFORD FIELD KY","72423","00154954","1961-1990","","Date (Year/Day) of Occurrence of Maximum Daily Value","cm","197816","","196601","","196822","","198208","","198907","","199030","","199031","","199031","","199030","","198919","","196602","","196109","","-9999","","-9999",""
"UNITED STATES OF AMERICA","HUNTINGTON/TRI-STATE, WV","72425","00464393","1961-1990","","Date (Year/Day) of Occurrence of Maximum Daily Value","cm","197512","","198512","","197103","","198703","","198907","","199029","","199031","","199031","","199030","","197420","","196914","","196731","","-9999","","-9999",""
"UNITED STATES OF AMERICA","COLUMBUS WSO AP, OH","72428","00331786","1961-1990","","Date (Year/Day) of Occurrence of Maximum Daily Value","cm","197820","","197108","","196205","","198704","","198907","","199030","","199031","","199031","","196729","","196225","","198017","","198405","","-9999","","-9999",""
"UNITED STATES OF AMERICA","DAYTON/INT'L AP, OH","72429","00332075","1961-1990","","Date (Year/Day) of Occurrence of Maximum Daily Value","cm","197826","","196601","","196822","","197408","","198907","","199030","","199031","","199031","","199030","","198919","","196602","","198117","","-9999","","-9999",""
"UNITED STATES OF AMERICA","EVANSVILLE/REGIONAL, IN","72432","00122738","1961-1990","","Date (Year/Day) of Occurrence of Maximum Daily Value","cm","197816","","196601","","197017","","197106","","199031","","199030","","199031","","199031","","199030","","198919","","197727","","198405","","-9999","","-9999",""
"UNITED STATES OF AMERICA","ST. LOUIS/LAMBERT, MO","72434","00237455","1961-1990","","Date (Year/Day) of Occurrence of Maximum Daily Value","cm","197816","","196102","","198906","","198014","","199031","","199030","","199031","","199031","","199030","","198919","","197526","","197319","","-9999","","-9999",""
"UNITED STATES OF AMERICA","INDIANAPOLIS/INT'L ARPT IN","72438","00124259","1961-1990","","Date (Year/Day) of Occurrence of Maximum Daily Value","cm","197826","","196525","","196301","","197408","","198906","","199030","","199031","","199031","","199030","","198919","","196602","","197330","","-9999","","-9999",""
"UNITED STATES OF AMERICA","SPRINGFIELD/CAPITAL ARPT IL","72439","00118179","1961-1990","","Date (Year/Day) of Occurrence of Maximum Daily Value","cm","198709","","196524","","197807","","198014","","196610","","199030","","199031","","199031","","199030","","198919","","197526","","197319","","-9999","","-9999",""
"UNITED STATES OF AMERICA","SPRINGFIELD/REGIONAL AP MO","72440","00237976","1961-1990","","Date (Year/Day) of Occurrence of Maximum Daily Value","cm","197816","","197523","","197016","","197104","","199031","","199030","","199031","","199031","","199030","","198919","","197429","","198827","","-9999","","-9999",""
"UNITED STATES OF AMERICA","COLUMBIA/REGIONAL ARPT MO","72445","00231791","1969-1990","","Date (Year/Day) of Occurrence of Maximum Daily Value","cm","198709","","197523","","197802","","198014","","199031","","199030","","199031","","199031","","199030","","197630","","197526","","197330","","-9999","","-9999",""
"UNITED STATES OF AMERICA","KANSAS CITY/INTL ARPT MO","72446","00234358","1972-1990","","Date (Year/Day) of Occurrence of Maximum Daily Value","cm","198509","","197813","","199023","","198304","","199031","","199030","","199031","","199031","","199030","","198710","","197526","","198714","","-9999","","-9999",""
"UNITED STATES OF AMERICA","WICHITA/MID-CONTINENT ARPT KS","72450","00148830","1961-1990","","Date (Year/Day) of Occurrence of Maximum Daily Value","cm","196218","","197121","","197016","","197903","","199031","","199030","","199031","","199031","","199030","","198028","","198418","","198714","","-9999","","-9999",""
"UNITED STATES OF AMERICA","DODGE CITY/MUNICIPAL, KS","72451","00142164","1961-1990","","Date (Year/Day) of Occurrence of Maximum Daily Value","cm","199019","","197121","","198723","","198909","","197803","","199030","","199031","","199031","","198529","","197626","","198530","","196627","","-9999","","-9999",""
"UNITED STATES OF AMERICA","TOPEKA/MUNICIPAL ARPT KS","72456","00148167","1961-1990","","Date (Year/Day) of Occurrence of Maximum Daily Value","cm","198509","","197121","","197509","","197001","","199031","","199030","","199031","","199031","","199030","","197009","","197525","","197330","","-9999","","-9999",""
"UNITED STATES OF AMERICA","CONCORDIA/BLOSSER MUNI AP KS","72458","00141767","1962-1990","","Date (Year/Day) of Occurrence of Maximum Daily Value","cm","198509","","196511","","198728","","197001","","196703","","199030","","199031","","199031","","198529","","197009","","198327","","196627","","-9999","","-9999",""
"UNITED STATES OF AMERICA","ALAMOSA/BERGMAN FIELD CO","72462","00050130","1961-1990","","Date (Year/Day) of Occurrence of Maximum Daily Value","cm","197401","","196310","","196230","","199030","","197306","","198313","","199031","","199031","","196103","","197231","","198514","","196713","","-9999","","-9999",""
"UNITED STATES OF AMERICA","PUEBLO/MEMORIAL AP, CO","72464","00056740","1961-1990","","Date (Year/Day) of Occurrence of Maximum Daily Value","cm","199019","","198905","","196406","","199029","","199003","","199030","","199031","","199031","","197117","","197231","","198514","","196712","","-9999","","-9999",""
"UNITED STATES OF AMERICA","COLORADO SPRINGS/MUNICIPAL AP,CO","72466","00051778","1978-1989","","Date (Year/Day) of Occurrence of Maximum Daily Value","cm","198715","","198726","","198716","","198024","","197805","","198930","","198931","","198931","","198528","","198415","","197919","","197927","","-9999","","-9999",""
"UNITED STATES OF AMERICA","DENVER/STAPLETON INT'L AP CO","72469","00052220","1961-1990","","Date (Year/Day) of Occurrence of Maximum Daily Value","cm","196208","","196217","","198305","","197226","","197805","","197408","","199031","","199031","","197117","","196903","","197920","","198224","","-9999","","-9999",""
"UNITED STATES OF AMERICA","GRAND JUNCTION/WALKER FIELD CO","72476","00053488","1961-1990","","Date (Year/Day) of Occurrence of Maximum Daily Value","cm","197823","","198904","","197002","","197517","","197908","","199030","","199031","","199031","","196518","","197524","","196416","","198323","","-9999","","-9999",""
"UNITED STATES OF AMERICA","BISHOP/ARPT CA","72480","00040822","1961-1990","","Date (Year/Day) of Occurrence of Maximum Daily Value","cm","196924","","197606","","198217","","198022","","196404","","199030","","199031","","199031","","199030","","197830","","197811","","196715","","-9999","","-9999",""
"UNITED STATES OF AMERICA","SACRAMENTO/EXECUTIVE ARPT CA","72483","00047630","1961-1990","","Date (Year/Day) of Occurrence of Maximum Daily Value","cm","197404","","197605","","199031","","199030","","199031","","199030","","199031","","199031","","199030","","199031","","199030","","198828","","-9999","","-9999",""
"UNITED STATES OF AMERICA","ELY/YELLAND, NV","72486","00262631","1961-1990","","Date (Year/Day) of Occurrence of Maximum Daily Value","cm","196724","","197604","","197402","","198102","","197504","","197917","","199031","","199031","","198624","","197831","","198511","","197016","","-9999","","-9999",""
"UNITED STATES OF AMERICA","RENO/INTL, NV","72488","00266779","1961-1990","","Date (Year/Day) of Occurrence of Maximum Daily Value","cm","196724","","199016","","196712","","196422","","196216","","199030","","199031","","199031","","198229","","197116","","198510","","197125","","-9999","","-9999",""
"UNITED STATES OF AMERICA","STOCKTON, CA","72492","00048558","1961-1990","","Date (Year/Day) of Occurrence of Maximum Daily Value","cm","199031","","197605","","197603","","197027","","199031","","199030","","199031","","199031","","199030","","199031","","199030","","198827","","-9999","","-9999",""
"UNITED STATES OF AMERICA","SAN FRANCISCO/INTERNATIONAL A,CA","72494","00047769","1961-1990","","Date (Year/Day) of Occurrence of Maximum Daily Value","cm","196221","","198908","","199031","","199030","","199031","","199030","","199031","","199031","","199030","","199031","","199030","","198827","","-9999","","-9999",""
"UNITED STATES OF AMERICA","NEWARK/INT'L ARPT NJ","72502","00286026","1961-1989","","Date (Year/Day) of Occurrence of Maximum Daily Value","cm","197820","","197806","","198105","","198206","","197709","","198930","","198931","","198931","","198930","","197910","","198923","","196624","","-9999","","-9999",""
"UNITED STATES OF AMERICA","NEW YORK/LAGUARDIA ARPT NY","72503","00305811","1961-1990","","Date (Year/Day) of Occurrence of Maximum Daily Value","cm","198722","","198311","","196722","","198206","","197709","","199030","","199031","","199031","","199030","","196226","","198923","","196323","","-9999","","-9999",""
"UNITED STATES OF AMERICA","BRIDGEPORT/SIKORSKY MEMORIAL CT","72504","00060806","1961-1990","","Date (Year/Day) of Occurrence of Maximum Daily Value","cm","197820","","196909","","196722","","198206","","197709","","199030","","199031","","199031","","199030","","198704","","198923","","196926","","-9999","","-9999",""
"UNITED STATES OF AMERICA","PROVIDENCE/GREEN STATE, RI","72507","00376698","1961-1990","","Date (Year/Day) of Occurrence of Maximum Daily Value","cm","197820","","196104","","196722","","198206","","197709","","199030","","199031","","199031","","199030","","197910","","198923","","198916","","-9999","","-9999",""
"UNITED STATES OF AMERICA","HARTFORD/BRADLEY INT'L ARPT CT","72508","00063456","1961-1990","","Date (Year/Day) of Occurrence of Maximum Daily Value","cm","197820","","196104","","196715","","198206","","197709","","199030","","199031","","199031","","199030","","197910","","197125","","196926","","-9999","","-9999",""
"UNITED STATES OF AMERICA","BOSTON/LOGAN INT'L AIRPORT, MA","72509","00190770","1961-1990","","Date (Year/Day) of Occurrence of Maximum Daily Value","cm","197820","","197807","","196707","","198206","","197710","","199030","","199031","","199031","","199030","","197910","","198712","","198106","","-9999","","-9999",""
"UNITED STATES OF AMERICA","WILKES-BARRE-SCRANTON, PA","72513","00369705","1964-1990","","Date (Year/Day) of Occurrence of Maximum Daily Value","cm","196413","","196419","","197029","","198319","","197709","","199030","","199031","","199031","","199030","","197717","","197125","","196922","","-9999","","-9999",""
"UNITED STATES OF AMERICA","WILLIAMSPORT, PA","72514","00369728","1961-1990","","Date (Year/Day) of Occurrence of Maximum Daily Value","cm","196413","","197219","","198429","","198206","","197709","","199030","","199031","","199031","","199030","","197716","","197230","","196926","","-9999","","-9999",""
"UNITED STATES OF AMERICA","BINGHAMTON/EDWIN A LINK FIELD,NY","72515","00300687","1961-1990","","Date (Year/Day) of Occurrence of Maximum Daily Value","cm","196413","","197219","","197104","","198206","","196609","","199030","","199031","","199031","","198923","","198822","","196812","","196926","","-9999","","-9999",""
"UNITED STATES OF AMERICA","ALLENTOWN/A.-BETHLEHEM, PA","72517","00360106","1961-1990","","Date (Year/Day) of Occurrence of Maximum Daily Value","cm","198722","","198311","","197029","","198206","","197709","","199030","","199031","","199031","","199030","","197219","","196812","","196624","","-9999","","-9999",""
"UNITED STATES OF AMERICA","ALBANY/ALBANY COUNTY, NY","72518","00300042","1961-1990","","Date (Year/Day) of Occurrence of Maximum Daily Value","cm","198315","","196625","","198413","","198206","","197709","","199030","","199031","","199031","","199030","","198704","","197125","","196926","","-9999","","-9999",""
"UNITED STATES OF AMERICA","SYRACUSE/HANCOCK INT'L ARPT NY","72519","00308383","1961-1990","","Date (Year/Day) of Occurrence of Maximum Daily Value","cm","196631","","196104","","197104","","197504","","197317","","199030","","199031","","199031","","199030","","198830","","197306","","197825","","-9999","","-9999",""
"UNITED STATES OF AMERICA","PITTSBURGH/GR PITTSBURGH INTL,PA","72520","00366993","1961-1990","","Date (Year/Day) of Occurrence of Maximum Daily Value","cm","196622","","196103","","196205","","198704","","196609","","199029","","199031","","199031","","199030","","197218","","198017","","197401","","-9999","","-9999",""
"UNITED STATES OF AMERICA","AKRON/AKRON-CANTON REGIONAL, OH","72521","00330058","1961-1990","","Date (Year/Day) of Occurrence of Maximum Daily Value","cm","196622","","198428","","197514","","198704","","196609","","199030","","199031","","199031","","199030","","198919","","196629","","197401","","-9999","","-9999",""
"UNITED STATES OF AMERICA","CLEVELAND/HOPKINS INTL AP, OH","72524","00331657","1961-1990","","Date (Year/Day) of Occurrence of Maximum Daily Value","cm","197820","","197316","","198731","","198206","","197406","","199030","","199031","","199031","","199030","","196226","","196629","","197401","","-9999","","-9999",""
"UNITED STATES OF AMERICA","YOUNGSTOWN/WSO AP OH","72525","00339406","1961-1990","","Date (Year/Day) of Occurrence of Maximum Daily Value","cm","196413","","197108","","198731","","198704","","196609","","199030","","199031","","199031","","198323","","196225","","197121","","198716","","-9999","","-9999",""
"UNITED STATES OF AMERICA","ERIE/INT'L ARPT PA","72526","00362682","1961-1990","","Date (Year/Day) of Occurrence of Maximum Daily Value","cm","198627","","198102","","196505","","196101","","198907","","199029","","199031","","199031","","199030","","198826","","197929","","198920","","-9999","","-9999",""
"UNITED STATES OF AMERICA","BUFFALO/GREATER BUFFALO, NY","72528","00301012","1961-1990","","Date (Year/Day) of Occurrence of Maximum Daily Value","cm","198211","","198428","","198731","","198206","","198907","","199030","","199031","","199031","","199030","","197218","","197630","","196130","","-9999","","-9999",""
"UNITED STATES OF AMERICA","ROCHESTER/ROCHESTER-MONROE CO,NY","72529","00307167","1961-1990","","Date (Year/Day) of Occurrence of Maximum Daily Value","cm","196623","","198428","","197417","","199004","","198907","","199030","","199031","","199031","","199030","","196528","","197214","","197825","","-9999","","-9999",""
"UNITED STATES OF AMERICA","CHICAGO/0'HARE, IL","72530","00111549","1961-1990","","Date (Year/Day) of Occurrence of Maximum Daily Value","cm","197913","","198110","","198204","","197502","","196611","","199030","","199031","","199031","","199030","","196727","","197526","","197831","","-9999","","-9999",""
"UNITED STATES OF AMERICA","PEORIA/GREATER PEORIA ARPT IL","72532","00116711","1961-1990","","Date (Year/Day) of Occurrence of Maximum Daily Value","cm","197913","","198110","","196504","","198208","","196608","","199030","","199031","","199031","","199030","","196726","","197526","","197831","","-9999","","-9999",""
"UNITED STATES OF AMERICA","FORT WAYNE/MUNICIPAL, IN","72533","00123037","1961-1990","","Date (Year/Day) of Occurrence of Maximum Daily Value","cm","198231","","198811","","196410","","196109","","198906","","199029","","199031","","199031","","199030","","198919","","197413","","197319","","-9999","","-9999",""
"UNITED STATES OF AMERICA","SOUTH BEND/ST.JOSEPH COUNTY, IN","72535","00128187","1961-1990","","Date (Year/Day) of Occurrence of Maximum Daily Value","cm","197826","","196724","","197502","","198205","","196611","","199030","","199031","","199031","","199030","","198919","","197725","","197319","","-9999","","-9999",""
"UNITED STATES OF AMERICA","TOLEDO/EXPRESS, OH","72536","00338357","1961-1990","","Date (Year/Day) of Occurrence of Maximum Daily Value","cm","197826","","198110","","196205","","198205","","198907","","199030","","199031","","199031","","196729","","198919","","196602","","197401","","-9999","","-9999",""
"UNITED STATES OF AMERICA","DETROIT/METROPOLITAN ARPT MI","72537","00202103","1961-1990","","Date (Year/Day) of Occurrence of Maximum Daily Value","cm","198231","","198110","","197317","","198205","","198906","","199030","","199031","","199031","","199030","","198919","","197727","","197401","","-9999","","-9999",""
"UNITED STATES OF AMERICA","LANSING/CAPITAL CITY AP, MI","72539","00204641","1961-1990","","Date (Year/Day) of Occurrence of Maximum Daily Value","cm","196726","","196525","","197317","","197001","","199010","","199030","","199031","","199031","","198923","","196727","","198916","","197011","","-9999","","-9999",""
"UNITED STATES OF AMERICA","ROCKFORD/WSO AP IL","72543","00117382","1961-1990","","Date (Year/Day) of Occurrence of Maximum Daily Value","cm","197913","","197422","","197229","","198205","","196611","","199030","","199031","","199031","","199030","","196726","","196828","","198715","","-9999","","-9999",""
"UNITED STATES OF AMERICA","MOLINE/QUAD CITY, IL","72544","00115751","1961-1990","","Date (Year/Day) of Occurrence of Maximum Daily Value","cm","197103","","199014","","197229","","198205","","198906","","199030","","199031","","199031","","199030","","196726","","197526","","198715","","-9999","","-9999",""
"UNITED STATES OF AMERICA","DES MOINES/MUNICIPAL, IA","72546","00132203","1961-1990","","Date (Year/Day) of Occurrence of Maximum Daily Value","cm","197103","","197621","","196208","","197309","","197602","","199030","","199031","","199031","","198530","","198027","","196810","","196122","","-9999","","-9999",""
"UNITED STATES OF AMERICA","DUBUQUE/MUNICIPAL, IA","72547","00132367","1961-1990","","Date (Year/Day) of Occurrence of Maximum Daily Value","cm","197913","","197621","","196108","","197309","","196611","","199030","","199031","","199031","","199030","","197619","","198618","","199003","","-9999","","-9999",""
"UNITED STATES OF AMERICA","WATERLOO/WSO AP IA","72548","00138706","1961-1990","","Date (Year/Day) of Occurrence of Maximum Daily Value","cm","197103","","198122","","196305","","197309","","196611","","199030","","199031","","199031","","199030","","198220","","197213","","198501","","-9999","","-9999",""
"UNITED STATES OF AMERICA","OMAHA,EPPLEY FIELD, NE","72550","00256255","1961-1990","","Date (Year/Day) of Occurrence of Maximum Daily Value","cm","197510","","196511","","198728","","197502","","196703","","199030","","199031","","199031","","198529","","197009","","197213","","196906","","-9999","","-9999",""
"UNITED STATES OF AMERICA","LINCOLN/MUNICIPAL ARPT NE","72551","00254795","1972-1990","","Date (Year/Day) of Occurrence of Maximum Daily Value","cm","197510","","198912","","197719","","197901","","199031","","199030","","199031","","199031","","198529","","198027","","197213","","197318","","-9999","","-9999",""
"UNITED STATES OF AMERICA","GRAND ISLAND, NE","72552","00253395","1961-1990","","Date (Year/Day) of Occurrence of Maximum Daily Value","cm","198819","","198418","","197719","","198402","","196703","","199030","","199031","","199031","","198529","","198027","","198327","","197414","","-9999","","-9999",""
"UNITED STATES OF AMERICA","OMAHA/NORTH, NE","72553","00256260","1963-1990","","Date (Year/Day) of Occurrence of Maximum Daily Value","cm","197103","","197122","","198728","","198313","","196703","","199030","","199031","","199031","","198529","","198027","","198327","","196906","","-9999","","-9999",""
"UNITED STATES OF AMERICA","NORFOLK/KARL STEFAN, NE","72556","00255995","1961-1990","","Date (Year/Day) of Occurrence of Maximum Daily Value","cm","198222","","198418","","197009","","198429","","198905","","199030","","199031","","199031","","198529","","198219","","198327","","197802","","-9999","","-9999",""
"UNITED STATES OF AMERICA","SIOUX CITY/MUNICIPAL, IA","72557","00137708","1961-1990","","Date (Year/Day) of Occurrence of Maximum Daily Value","cm","198222","","198418","","198326","","198429","","199009","","199030","","199031","","199031","","196130","","198219","","198327","","196927","","-9999","","-9999",""
"UNITED STATES OF AMERICA","NORTH PLATTE/LEE BIRD FLD NE","72562","00256065","1961-1990","","Date (Year/Day) of Occurrence of Maximum Daily Value","cm","197601","","198007","","198028","","198402","","196705","","199030","","199031","","199031","","198528","","196915","","197921","","196821","","-9999","","-9999",""
"UNITED STATES OF AMERICA","CHEYENNE WSFO, WY","72564","00481675","1961-1990","","Date (Year/Day) of Occurrence of Maximum Daily Value","cm","198025","","198902","","197918","","198420","","197806","","197909","","199031","","199031","","198528","","199007","","197920","","197927","","-9999","","-9999",""
"UNITED STATES OF AMERICA","SCOTTSBLUFF/COUNTY ARPT NE","72566","00257665","1961-1990","","Date (Year/Day) of Occurrence of Maximum Daily Value","cm","198818","","198726","","197411","","198822","","197806","","196913","","199031","","199031","","198528","","196911","","197920","","197531","","-9999","","-9999",""
"UNITED STATES OF AMERICA","VALENTINE/WSO AP NE","72567","00258760","1963-1990","","Date (Year/Day) of Occurrence of Maximum Daily Value","cm","197130","","197723","","197711","","196803","","197910","","199030","","199031","","199031","","198528","","198219","","198515","","198727","","-9999","","-9999",""
"UNITED STATES OF AMERICA","CASPER/WSO AP WY","72569","00481570","1961-1990","","Date (Year/Day) of Occurrence of Maximum Daily Value","cm","197212","","198726","","198720","","197319","","197804","","196913","","199031","","199031","","198230","","198602","","197920","","198224","","-9999","","-9999",""
"UNITED STATES OF AMERICA","SALT LAKE CITY/INTL, UT","72572","00427598","1961-1990","","Date (Year/Day) of Occurrence of Maximum Daily Value","cm","198029","","198901","","196422","","197410","","196505","","197407","","199031","","199031","","197130","","198418","","197326","","197228","","-9999","","-9999",""
"UNITED STATES OF AMERICA","LANDER/HUNT, WY","72576","00485390","1961-1990","","Date (Year/Day) of Occurrence of Maximum Daily Value","cm","196220","","198723","","197328","","196729","","197902","","197614","","199031","","199031","","196516","","196613","","198513","","197922","","-9999","","-9999",""
"UNITED STATES OF AMERICA","POCATELLO/MUNICIPAL ARPT ID","72578","00107211","1961-1990","","Date (Year/Day) of Occurrence of Maximum Daily Value","cm","196220","","198416","","198502","","197626","","198311","","198114","","199031","","199031","","196516","","198015","","197811","","198825","","-9999","","-9999",""
"UNITED STATES OF AMERICA","WINNEMUCCA/MUNICIPAL, NV","72583","00269171","1961-1990","","Date (Year/Day) of Occurrence of Maximum Daily Value","cm","198320","","196220","","198218","","197124","","196506","","199030","","199031","","199031","","198626","","198416","","198510","","198303","","-9999","","-9999",""
"UNITED STATES OF AMERICA","EUREKA/WSO CITY CA","72594","00042910","1961-1990","","Date (Year/Day) of Occurrence of Maximum Daily Value","cm","197226","","198904","","196602","","198206","","199031","","199030","","199031","","199031","","199030","","199031","","197719","","197207","","-9999","","-9999",""
"UNITED STATES OF AMERICA","MEDFORD/JACKSON CO. AP, OR","72597","00355429","1961-1990","","Date (Year/Day) of Occurrence of Maximum Daily Value","cm","197113","","197428","","197116","","196121","","197908","","199030","","199031","","199031","","199030","","198417","","197721","","196430","","-9999","","-9999",""
"UNITED STATES OF AMERICA","CONCORD MUNICIPAL AP, NH","72605","00271683","1961-1990","","Date (Year/Day) of Occurrence of Maximum Daily Value","cm","197707","","198125","","196707","","198206","","196608","","199030","","199031","","199031","","199030","","196922","","197125","","197017","","-9999","","-9999",""
"UNITED STATES OF AMERICA","PORTLAND/INT'L JETPORT ME","72606","00176905","1961-1990","","Date (Year/Day) of Occurrence of Maximum Daily Value","cm","197917","","196723","","197215","","198206","","196608","","199030","","199031","","199031","","198725","","196922","","197214","","197017","","-9999","","-9999",""
"UNITED STATES OF AMERICA","MOUNT WASHINGTON, NH","72613","00275639","1961-1990","","Date (Year/Day) of Occurrence of Maximum Daily Value","cm","197820","","196925","","196903","","197424","","196726","","198830","","197905","","197630","","198616","","196923","","197228","","196815","","-9999","","-9999",""
"UNITED STATES OF AMERICA","BURLINGTON/ETHAN ALLEN AIRPOR,VT","72617","00431081","1961-1990","","Date (Year/Day) of Occurrence of Maximum Daily Value","cm","196101","","196625","","197104","","197409","","196609","","199030","","199031","","199031","","199030","","196922","","198018","","197825","","-9999","","-9999",""
"UNITED STATES OF AMERICA","GRAND RAPIDS/KENT CO INT'L AR,MI","72635","00203333","1963-1990","","Date (Year/Day) of Occurrence of Maximum Daily Value","cm","197826","","198511","","197026","","197502","","199010","","199030","","199031","","199031","","196729","","196727","","196528","","197011","","-9999","","-9999",""
"UNITED STATES OF AMERICA","MUSKEGON/COUNTY ARPT MI","72636","00205712","1961-1990","","Date (Year/Day) of Occurrence of Maximum Daily Value","cm","198210","","196501","","197026","","198205","","199010","","199030","","199031","","199031","","199030","","196727","","196420","","196317","","-9999","","-9999",""
"UNITED STATES OF AMERICA","FLINT/BISHOP, MI","72637","00202846","1961-1990","","Date (Year/Day) of Occurrence of Maximum Daily Value","cm","196726","","196525","","197317","","197502","","196126","","199030","","199031","","199031","","196729","","198919","","198916","","197011","","-9999","","-9999",""
"UNITED STATES OF AMERICA","HOUGHTON LAKE, MI","72638","00203936","1964-1990","","Date (Year/Day) of Occurrence of Maximum Daily Value","cm","197826","","197422","","197026","","196517","","197905","","199030","","199031","","199031","","196729","","198014","","198120","","198002","","-9999","","-9999",""
"UNITED STATES OF AMERICA","ALPENA/PHELPS COLLINS AP MI","72639","00200164","1961-1990","","Date (Year/Day) of Occurrence of Maximum Daily Value","cm","197826","","198110","","198504","","199002","","197406","","199030","","199031","","199031","","198923","","196922","","196629","","198914","","-9999","","-9999",""
"UNITED STATES OF AMERICA","MILWAUKEE/GEN. MITCHELL, WI","72640","00475479","1961-1990","","Date (Year/Day) of Occurrence of Maximum Daily Value","cm","199025","","197405","","196108","","197309","","199010","","199030","","199031","","199031","","199030","","198919","","197725","","198715","","-9999","","-9999",""
"UNITED STATES OF AMERICA","MADISON/DANE CO REGIONAL ARPT,WI","72641","00474961","1961-1990","","Date (Year/Day) of Occurrence of Maximum Daily Value","cm","197103","","198302","","197118","","197309","","199010","","199030","","199031","","199031","","196526","","199010","","198509","","199003","","-9999","","-9999",""
"UNITED STATES OF AMERICA","LA CROSSE/MUNICIPAL AP, WI","72643","00474370","1961-1990","","Date (Year/Day) of Occurrence of Maximum Daily Value","cm","197103","","198302","","196108","","197309","","198906","","199030","","199031","","199031","","198524","","198124","","198829","","199003","","-9999","","-9999",""
"UNITED STATES OF AMERICA","ROCHESTER/MUNICIPAL, MN","72644","00217004","1961-1990","","Date (Year/Day) of Occurrence of Maximum Daily Value","cm","198222","","198302","","198503","","198826","","196701","","199030","","199031","","199031","","196130","","197922","","197019","","199003","","-9999","","-9999",""
"UNITED STATES OF AMERICA","GREEN BAY/A.-STRAUBEL, WI","72645","00473269","1961-1990","","Date (Year/Day) of Occurrence of Maximum Daily Value","cm","198204","","197403","","198903","","197704","","199010","","199030","","199031","","199031","","196526","","198919","","197727","","199003","","-9999","","-9999",""
"UNITED STATES OF AMERICA","SIOUX FALLS/FOSS FIELD, SD","72651","00397667","1961-1990","","Date (Year/Day) of Occurrence of Maximum Daily Value","cm","198819","","196217","","197019","","198317","","197602","","199030","","199031","","199031","","198528","","197009","","197921","","196822","","-9999","","-9999",""
"UNITED STATES OF AMERICA","HURON/HURON REGIONAL, SD","72654","00394127","1961-1990","","Date (Year/Day) of Occurrence of Maximum Daily Value","cm","197507","","196217","","198503","","197012","","196701","","199030","","199031","","199031","","196526","","197007","","198518","","198727","","-9999","","-9999",""
"UNITED STATES OF AMERICA","ST. CLOUD/WHITNEY, MN","72655","00217294","1961-1990","","Date (Year/Day) of Occurrence of Maximum Daily Value","cm","197610","","196509","","196501","","196525","","197119","","199030","","199031","","199031","","198524","","196912","","197520","","196822","","-9999","","-9999",""
"UNITED STATES OF AMERICA","MINNEAPOLIS/INT'L ARPT MN","72658","00215435","1961-1990","","Date (Year/Day) of Occurrence of Maximum Daily Value","cm","198222","","196715","","198531","","198314","","197602","","199030","","199031","","199031","","198524","","197710","","198323","","198228","","-9999","","-9999",""
"UNITED STATES OF AMERICA","ABERDEEN/REGIONAL ARPT SD","72659","00390020","1963-1990","","Date (Year/Day) of Occurrence of Maximum Daily Value","cm","197610","","196927","","196604","","197012","","197910","","199030","","199031","","199031","","196523","","197007","","197719","","198826","","-9999","","-9999",""
"UNITED STATES OF AMERICA","RAPID CITY/REGIONAL ARPT SD","72662","00396937","1961-1990","","Date (Year/Day) of Occurrence of Maximum Daily Value","cm","197130","","198726","","196316","","197018","","196508","","196913","","199031","","199031","","197013","","197128","","197719","","197531","","-9999","","-9999",""
"UNITED STATES OF AMERICA","SHERIDAN/COUNTY, WY","72666","00488155","1961-1990","","Date (Year/Day) of Occurrence of Maximum Daily Value","cm","197202","","199012","","197729","","196730","","198311","","196912","","199031","","199031","","198423","","198928","","198606","","198914","","-9999","","-9999",""
"UNITED STATES OF AMERICA","BILLINGS/LOGAN INT'L ARPT MT","72677","00240807","1961-1990","","Date (Year/Day) of Occurrence of Maximum Daily Value","cm","197202","","197824","","196422","","197028","","198111","","196912","","199031","","199031","","198423","","198015","","196222","","197804","","-9999","","-9999",""
"UNITED STATES OF AMERICA","BOISE/AIR TERMINAL ID","72681","00101022","1961-1990","","Date (Year/Day) of Occurrence of Maximum Daily Value","cm","196503","","196609","","197407","","196906","","196402","","199030","","199031","","199031","","199030","","196912","","198528","","198324","","-9999","","-9999",""
"UNITED STATES OF AMERICA","PENDLETON, OR","72688","00356546","1961-1990","","Date (Year/Day) of Occurrence of Maximum Daily Value","cm","198008","","198507","","198005","","197514","","198918","","199030","","199031","","199031","","199030","","197331","","197722","","197729","","-9999","","-9999",""
"UNITED STATES OF AMERICA","EUGENE/MAHLON SWEET ARPT OR","72693","00352709","1961-1990","","Date (Year/Day) of Occurrence of Maximum Daily Value","cm","196925","","199015","","196601","","198807","","198405","","199030","","199031","","199031","","199030","","197127","","198530","","198501","","-9999","","-9999",""
"UNITED STATES OF AMERICA","SALEM, OR","72694","00357500","1961-1990","","Date (Year/Day) of Occurrence of Maximum Daily Value","cm","196925","","199015","","196202","","197208","","198803","","199030","","199031","","199031","","199030","","199031","","197722","","197205","","-9999","","-9999",""
"UNITED STATES OF AMERICA","PORTLAND OR","72698","00356751","1961-1990","","Date (Year/Day) of Occurrence of Maximum Daily Value","cm","198009","","199012","","198902","","198903","","197804","","199030","","199031","","199031","","199030","","199031","","197722","","196419","","-9999","","-9999",""
"UNITED STATES OF AMERICA","CARIBOU/MUNICIPAL, ME","72712","00171175","1961-1990","","Date (Year/Day) of Occurrence of Maximum Daily Value","cm","197814","","196910","","198414","","198207","","196708","","196417","","199031","","199031","","198927","","196329","","198621","","198903","","-9999","","-9999",""
"UNITED STATES OF AMERICA","SAULT STE. MARIE, MI","72734","00207366","1961-1990","","Date (Year/Day) of Occurrence of Maximum Daily Value","cm","198805","","196802","","196405","","197906","","196603","","199030","","199031","","199031","","196526","","196927","","198916","","198501","","-9999","","-9999",""
"UNITED STATES OF AMERICA","MARQUETTE/FAA ARPT MI","72743","00205184","1963-1990","","Date (Year/Day) of Occurrence of Maximum Daily Value","cm","198820","","198303","","198504","","197705","","199010","","199003","","199031","","199031","","197422","","198920","","198806","","198501","","-9999","","-9999",""
"UNITED STATES OF AMERICA","DULUTH/WSO AP MN","72745","00212248","1961-1990","","Date (Year/Day) of Occurrence of Maximum Daily Value","cm","197212","","196509","","196517","","198314","","196817","","199030","","199031","","199031","","198530","","196615","","198323","","197003","","-9999","","-9999",""
"UNITED STATES OF AMERICA","INTERNATIONAL FALLS/INT'L ARP,MN","72747","00214026","1961-1990","","Date (Year/Day) of Occurrence of Maximum Daily Value","cm","197510","","198509","","196604","","196208","","196701","","196902","","199031","","199031","","198130","","198827","","196526","","199020","","-9999","","-9999",""
"UNITED STATES OF AMERICA","FARGO/WSO AP ND","72753","00322859","1961-1990","","Date (Year/Day) of Occurrence of Maximum Daily Value","cm","198222","","197922","","199015","","197019","","197905","","199030","","199031","","199031","","198425","","197229","","197720","","198826","","-9999","","-9999",""
"UNITED STATES OF AMERICA","BISMARCK/MUNICIPAL, ND","72764","00320819","1961-1990","","Date (Year/Day) of Occurrence of Maximum Daily Value","cm","198811","","197922","","196603","","198427","","196509","","199030","","199031","","199031","","198423","","198206","","198525","","198826","","-9999","","-9999",""
"UNITED STATES OF AMERICA","WILLISTON/SLOULIN FIELD, ND","72767","00329425","1962-1990","","Date (Year/Day) of Occurrence of Maximum Daily Value","cm","198906","","197227","","197527","","198613","","198312","","199030","","199031","","199031","","197225","","198507","","198617","","197828","","-9999","","-9999",""
"UNITED STATES OF AMERICA","GLASGOW/INT'L ARPT MT","72768","00243558","1961-1990","","Date (Year/Day) of Occurrence of Maximum Daily Value","cm","198811","","198925","","198721","","197028","","198312","","199030","","199031","","199031","","198329","","197514","","198518","","197201","","-9999","","-9999",""
"UNITED STATES OF AMERICA","HELENA/COUNTY-CITY, MT","72772","00244055","1961-1990","","Date (Year/Day) of Occurrence of Maximum Daily Value","cm","197109","","196704","","196710","","196207","","196710","","196912","","197218","","199031","","196527","","197331","","197818","","197801","","-9999","","-9999",""
"UNITED STATES OF AMERICA","MISSOULA/JOHNSON-BELL FIELD, MT","72773","00245745","1961-1990","","Date (Year/Day) of Occurrence of Maximum Daily Value","cm","198009","","197507","","197719","","198917","","197823","","197302","","199031","","199031","","198319","","197331","","197924","","196420","","-9999","","-9999",""
"UNITED STATES OF AMERICA","GREAT FALLS/INT'L ARPT MT","72775","00243751","1961-1990","","Date (Year/Day) of Occurrence of Maximum Daily Value","cm","198811","","197811","","198719","","197320","","198929","","196912","","199031","","199031","","198318","","197513","","198325","","197723","","-9999","","-9999",""
"UNITED STATES OF AMERICA","KALISPELL MT","72779","00244558","1961-1990","","Date (Year/Day) of Occurrence of Maximum Daily Value","cm","198223","","197903","","198718","","199028","","196402","","196204","","199031","","199031","","196821","","197228","","198611","","199031","","-9999","","-9999",""
"UNITED STATES OF AMERICA","YAKIMA/YAKIMA AIR TERMINAL, WA","72781","00459465","1961-1990","","Date (Year/Day) of Occurrence of Maximum Daily Value","cm","196331","","197627","","196105","","198310","","198610","","199030","","199031","","199031","","199030","","197331","","198427","","196421","","-9999","","-9999",""
"UNITED STATES OF AMERICA","LEWISTON/WSO AP ID","72783","00105241","1961-1990","","Date (Year/Day) of Occurrence of Maximum Daily Value","cm","196602","","198507","","198902","","197212","","197416","","199030","","199031","","199031","","199030","","197130","","198608","","196420","","-9999","","-9999",""
"UNITED STATES OF AMERICA","SPOKANE/INTL, WA","72785","00457938","1961-1990","","Date (Year/Day) of Occurrence of Maximum Daily Value","cm","196926","","198917","","197001","","199028","","196711","","199030","","199031","","199031","","199030","","197525","","197304","","198429","","-9999","","-9999",""
"UNITED STATES OF AMERICA","ASTORIA/CLATSOP, OR","72791","00350328","1961-1990","","Date (Year/Day) of Occurrence of Maximum Daily Value","cm","197112","","196228","","196601","","197503","","197310","","199030","","199031","","199031","","199030","","198927","","198530","","196429","","-9999","","-9999",""
"UNITED STATES OF AMERICA","OLYMPIA, WA","72792","00456114","1961-1990","","Date (Year/Day) of Occurrence of Maximum Daily Value","cm","197224","","198901","","196620","","197212","","198829","","197602","","199031","","199031","","199030","","197024","","197819","","196828","","-9999","","-9999",""
"UNITED STATES OF AMERICA","SEATTLE/SEATTLE-TACOMA INTL A,WA","72793","00457473","1961-1990","","Date (Year/Day) of Occurrence of Maximum Daily Value","cm","196927","","196228","","198901","","197217","","196501","","199030","","199031","","199031","","199030","","197127","","198521","","196831","","-9999","","-9999",""
"UNITED STATES OF AMERICA","QUILLAYUTE STATE AP, WA","72797","00456858","1966-1990","","Date (Year/Day) of Occurrence of Maximum Daily Value","cm","196916","","197126","","198901","","197503","","198801","","199030","","199031","","199031","","197222","","197227","","198521","","198131","","-9999","","-9999",""
"UNITED STATES OF AMERICA","MILES CITY FAA AP, MT","74230","00245690","1961-1989","","Date (Year/Day) of Occurrence of Maximum Daily Value","cm","196423","","198619","","198502","","198927","","196710","","196912","","198831","","198831","","197225","","197229","","197719","","197106","","-9999","","-9999",""
"UNITED STATES OF AMERICA","NEW YORK/JFK, NY","74486","00305803","1964-1990","","Date (Year/Day) of Occurrence of Maximum Daily Value","cm","196413","","196909","","196722","","198206","","199031","","199030","","199031","","199031","","199030","","197910","","198923","","196624","","-9999","","-9999",""
"UNITED STATES OF AMERICA","MILTON/BLUE HILL OBSERVATORY MA","74492","00190736","1962-1990","","Date (Year/Day) of Occurrence of Maximum Daily Value","cm","197820","","196924","","198429","","198206","","197709","","199030","","199031","","199031","","199030","","197910","","198619","","197629","","-9999","","-9999",""
"UNITED STATES OF AMERICA","SAN JUAN/ISLA VERDE INT'L ARP,PR","78526","00668812","1961-1990","","Date (Year/Day) of Occurrence of Maximum Daily Value","cm","199031","","199028","","199031","","199030","","199031","","199030","","199031","","199031","","199030","","199031","","199030","","199031","","-9999","","-9999",""

